Mobile Carrier,Popular
3,1
1O1O AND ONE2FREE,1
2DEGREES,1
3 ITALIA,1
3G MOBILE,1
42IT,1
6GMOBILE,1
A1,1
ACCESS TELECOM,1
ACES,1
ADVANCE,1
ADVANTAGE,1
AERIS,1
AERO2,1
AEROMOBILE,1
AFRICELL,1
AIRADIGM,1
AIRCEL,1
AIRDATA,1
AIRLINK PCS,1
AIRPEAK,1
AIRTEL,1
AIRWAVE,1
AIS,1
AIS GSM 1800,1
AL JAWAL,1
ALASKA DIGITEL,1
ALEGRO,1
ALFA,1
AL-JEEL PHONE,1
ALLTEL,1
ALPMOBILE,1
AMC,1
AMERILINK PCS,1
AMERIS,1
A-MOBILE,1
AMT,1
ANTEL,1
APS KBUS,1
APTG,1
APUA,1
AQUAFON,1
ARCOR,1
AS BRAVOCOM MOBIIL,1
ASIA CELL,1
ASPIDER,1
AT&T,1
ATM MOBILIS,1
AU,1
AVEA,1
AWCC,1
AXIS,1
AZERCELL,1
AZUR,1
BABILON-M,1
BAKCELL,1
BANGLALINK,1
BARABLU,1
BASE,1
BATELCO,1
BAYKALWESTCOM,1
BAYOS,1
BBCOM,1
BEBBICELL,1
BEELINE,1
BEEPSPEND,1
BELCEL,1
BELL,1
BENSON ONLINE,1
BH MOBILE,1
BITE,1
BLUESKY,1
BMOBILE,1
B-MOBILE,1
BOB,1
BOKAMOSO CONSORTIUM,1
BOUYGUES,1
BREEZE,1
BREEZZ,1
BSNL MOBILE,1
BT,1
BTC MOBILE,1
BUG TUSSEL WIRELESS,1
C SPIRE WIRELESS,1
CABLE & WIRELESS,1
CAMEL MOBILE,1
CAPROCK,1
CAPX,1
CAROLINA PHONE,1
CAT CDMA,1
CCT BOATPHONE,1
CDMA UKRAINE,1
CELCOM,1
CELL C,1
CELL ONE AMARILLO,1
CELLCO,1
CELLCOM,1
CELLULAR ONE,1
CELLULAR ONE OF EAST TEXAS,1
CELLULAR PROPERTIES,1
CENTENNIAL,1
CENTERNET,1
CERIA,1
CHARITON VALLEY,1
CHINA MOBILE,1
CHINA MOTION TELECOM,1
CHINA TELECOM,1
CHINA TIETONG,1
CHINA UNICOM,1
CHINGUITEL,1
CHIPPIE,1
CHOICE PHONE,1
CHUNGHWA LDM,1
CHUNGWA,1
CINCINNATI BELL,1
CITYCELL,1
CLARO,1
CLEVER COMMUNICATIONS,1
CLOUD9,1
CMCC HK,1
COLEMAN COUNTY TELECOM,1
COLOMBIA TELECOM,1
COLT MOBILE,1
COM4,1
COMCEL,1
COMIUM,1
COMMNET WIRELESS,1
CONCHO,1
CONESTOGA,1
CONSOLIDATED TELECOM,1
CONVEY,1
COPACO,1
CORR,1
COSMOTE,1
CRAZY JOHN'S,1
CRICKET,1
CSL LIMITED,1
CSTMOVEL,1
CTBC CELULAR,1
CTE TELECOM PERSONAL,1
CTM,1
CTP,1
CTS MOBILE,1
CUBACEL,1
CUBIC TELECOM,1
CVMOVEL,1
CYFROWY POLSAT,1
DALACOM,1
DANSK,1
DAUPHIN,1
DB TELEMATIK,1
DEBITEL,1
DHIRAAGU,1
DIALOG,1
DIGI,1
DIGICEL,1
DIGIMOBILE,1
DIGITEL,1
DISHNET WIRELESS,1
DJEZZY,1
DJUICE,1
DMTS,1
DNA,1
DOCOMO,1
DOLPHIN,1
DSTCOM,1
DTAC,1
DTRN,1
DU,1
DUTCH HARBOR,1
EAGLE MOBILE,1
EASTERBROOKE,1
EASTLINK,1
ECONET,1
EDATEL,1
EIRCOM,1
ELECTCOMS WIRELESS,1
ELEPHANT TALK,1
ELISA,1
ELLIPSO,1
EMERY TELCOM WIRELESS,1
EMOBILE,1
EMT,1
EMTEL,1
ENDLESS MOUNTAINS WIRELESS,1
ENIGMA-SYSTEM,1
ENTEL,1
EPIC TOUCH,1
E-PLUS,1
ERICSSON,1
ERITEL,1
EROSKI,1
ESIA,1
E-TELKO,1
ETB,1
ETISALAT,1
ETK,1
ETL,1
EUSKALTEL,1
EVATIS,1
EVERYTHING EVERYWHERE,1
EVNTELECOM,1
EXCELL,1
EXPRESSO,1
FAREASTONE,1
FARMERS CELLULAR,1
FAROESE TELECOM,1
FIDO,1
FIRST CELLULAR,1
FL1,1
FLEXTEL,1
FMS SOLUTIONS,1
FONEX,1
FONYOU,1
FREE MOBILE,1
FREN/HEPI,1
FSM EMMANUEL,1
G.MOBILE,1
GAMCEL,1
GEOCELL,1
GIBTEL,1
GLO,1
GLOBALSTAR,1
GLOBE,1
GLOBUL,1
GO,1
GOLDEN TELECOM,1
GOLIS,1
GOTANET,1
GRAMEENPHONE,1
GREENFONE,1
GSM-AQ,1
GT&T CELLINK PLUS,1
GUAM TELEPHONE,1
HATEF LIBYA,1
HAY SYSTEMS,1
HELLO,1
HIGH PLAINS WIRELESS,1
HIGHLAND CELLULAR,1
HONDUTEL,1
HORMUUD,1
HT-ERONET,1
HURI-SNPT,1
HUTCHISON,1
I CAN_GSM,1
I WIRELESS,1
IAM,1
ICE,1
ICE.NET,1
ICECELL,1
ICO,1
IDEA,1
ILIZWI TELECOMMUNICATIONS,1
IN&PHONE,1
INDIGO,1
INDOSAT,1
INMARSAT,1
INTERCITY,1
INTERNET COMPUTER BUREAU,1
INUM,1
INWI,1
IRANCELL,1
IRAPHONE,1
IRIDIUM,1
IRIS WIRELESS,1
IR-MCI,1
ISLACOM,1
ISLANDCOM,1
IT,1
IT&E WIRELESS,1
IUSACELL / UNEFON,1
IZZI,1
JABATAN TELEKOM,1
JASPER,1
JAWWAL,1
JAZZTEL,1
JERNBANEVERKET,1
JSC INGENIUM,1
JT-WAVE,1
KARABO TELECOMS,1
KAZAKHTELECOM,1
KCELL,1
KDDI,1
KG TELECOM,1
KIRIBATI FRIGATE,1
KOREK,1
KORYOLINK,1
KOZ,1
KPN,1
KT,1
KYIVSTAR,1
LANCELOT,1
LEO,1
LGT,1
LIBERCELL,1
LIBERCOM,1
LIBERTIS TELECOM,1
LIBTELCO,1
LIBYA PHONE,1
LIBYANA,1
LIFE:),1
LIFFEY TELECOM,1
LIME,1
LINDHOLMEN SCIENCE PARK,1
LITRAIL,1
LMT,1
LONESTAR CELL,1
LONG LINES WIRELESS,1
LOOP MOBILE,1
LTC,1
LUXGSM,1
LYCAMOBILE,1
M:TEL CG,1
M1,1
MADAR,1
MAGTICOM,1
MALITEL,1
MANX TELECOM,1
MASCOM,1
MATTEL,1
MAURITEL,1
MAXIS,1
MB TEL MOBILITY,1
MCEL,1
MEDIAFON,1
MEDIATECH,1
MEDITEL,1
MEGACOM,1
MEGAFON,1
MELITA,1
METFONE,1
METROPCS,1
MFONE,1
MID-RIVERS WIRELESS,1
MID-TEX CELLULAR,1
MIGWAY AS,1
MIO,1
MIRS,1
MISSOURI RSA5,1
MIXE,1
MLT,1
MOBICOM,1
MOBIFONE,1
MOBILAND,1
MOBILE ARTS,1
MOBILE R,1
MOBILE TELECOM,1
MOBILICITY,1
MOBILINK,1
MOBILIS,1
MOBILITY,1
MOBILY,1
MOBINIL,1
MOBISIR,1
MOBISTAR,1
MOBITAI,1
MOBITEL,1
MOBYLAND,1
MOLDCELL,1
MONACO TELECOM,1
MOOV,1
MOTIV,1
MOVICEL,1
MOVILNET,1
MOVISTAR,1
MPT,1
MPULSE,1
MT&T MOBILITY,1
MT:S,1
MTC,1
MTCE,1
MTC-TOUCH,1
M-TEL,1
MTML,1
MTN,1
MTS,1
MUNDIO MOBILE,1
NAR MOBILE,1
NASH TECHNOLOGIES,1
NATCOM,1
NATIONLINK,1
NAVITAS,1
NAWRAS,1
NCC,1
NCELL,1
NEOTEL,1
NETCOM,1
NETIA,1
NET-ONE,1
NETWORK NORWAY,1
NETWORK RAIL,1
NEW TEL MOBILITY,1
NEXTEL,1
NOKIA,1
NORDISK POLSKA,1
NORFOLK TELECOM,1
NORTH SITE,1
NORTHSTAR,1
NOVA,1
NT MOBILE,1
NTC,1
NTT DOCOMO,1
NUEVATEL,1
O!,1
O2,1
OGERO MOBILE,1
OI / BRASIL TELECOM,1
OKINAWA CELLULAR,1
OKLAHOMA WESTERN,1
OMAN MOBILE,1
OMNITEL,1
OMNNEA,1
ONAIR SWITZERLAND,1
ONATEL,1
ONE,1
ONEPHONE,1
ONO,1
ON-WAVES,1
OPEN MOBILE,1
OPTIMUS,1
OPTUS,1
ORANGE,1
ORANGE KENYA,1
ORICEL,1
OSNO TELECOM,1
OUTREMER,1
OY TOP CONNECT,1
PACE,1
PALAU MOBILE,1
PANHANDLE,1
PCCW MOBILE (CDMA),1
PELEPHONE,1
PEOPLENET,1
PERFECTUM MOBILE,1
PERSONAL,1
PETROCOM,1
PINE CELLULAR,1
PINPOINT,1
PLATEAU WIRELESS,1
PLAY,1
PLDT,1
PLUS,1
PNCC,1
PRIMA,1
PRIMETEL,1
PRIVATE MOBILE NETWORKS,1
PRIVATE MOBILITY,1
PROGROUP HOLDING,1
PRORAIL,1
PROXIMUS,1
PSN,1
PTI PACIFICA,1
QB,1
QCELL,1
QTEL,1
RADIOACCESS,1
RAILCORP,1
RAILTRACK,1
RAILWAYS,1
RELIANCE,1
RFI,1
RIM,1
ROBI,1
ROGERS WIRELESS,1
ROMTELECOM,1
ROSHAN,1
ROUTOMESSAGING,1
S TEL,1
S TELECOM,1
SABAFON,1
SACEL,1
SAFARICOM,1
SAHELCOM,1
SAIT TELECOM,1
SALAM,1
SAMK,1
SAMOATEL,1
SANATEL,1
SASATEL,1
SASKTEL,1
SAUNALAHTI,1
SBB,1
SEAMOBILE,1
SEANET,1
SENSE COMMUNICATIONS,1
SENTECH,1
SERCOMTEL,1
SETAR,1
SFERIA,1
S-FONE,1
SFR,1
SHORELINE COMMUNICATION,1
SI.MOBIL,1
SIBCHALLENGE,1
SIEMENS,1
SILKNET,1
SIMINN,1
SIMMETRY,1
SINGTEL,1
SINGTEL-G18,1
SKT,1
SKY/C-PHONE,1
SKYLINK,1
SKYTEL,1
SMART,1
SMART MOBILE,1
SMARTONE,1
SMARTS,1
SMILE,1
SOFTBANK,1
SOMAFONE,1
SOMTEL,1
SONERA,1
SOTELGUI,1
SOUL,1
SOUTHERN COMMUNICATIONS,1
SPEAKUP,1
SPRINT,1
SPROCKET,1
STAR-CELL,1
STARHUB,1
SUDANI ONE,1
SUN,1
SUNBEACH,1
SUNNET,1
SUNRISE,1
SUPERCELL,1
SWEDEN 2G,1
SWEDEN 3G,1
SWISSCOM,1
SWITCH,1
SYNECTIV,1
SYRIATEL,1
SYSTEMNET,1
T-2,1
TAIWAN MOBILE,1
TAL,1
TALIYA,1
TALK TALK,1
TAMBOV,1
TANGO,1
TASHICELL,1
TATA,1
TBAY,1
TCELL,1
TCHAD MOBILE,1
TCI,1
TDC,1
TELCEL,1
TELCELL,1
TELCOM,1
TELE 2,1
TELE GREENLAND,1
TELE.RING,1
TELE1 EUROPE,1
TELE2,1
TELECABLE,1
TELECEL,1
TELECOM COOK,1
TELECOM NIUE,1
TELEENA,1
TELEKOM MALAYSIA,1
TELENOR,1
TELESOM,1
TELESUR,1
TELETALK,1
TELETOPIA,1
TELFORT,1
TELIA,1
TELKOMFLEXI,1
TELKOMMOBILE,1
TELKOMSEL,1
TELMA,1
TELMOB,1
TELNA MOBILE,1
TELSTRA,1
TELUS,1
TESTING,1
THINTA THINTA,1
THURAYA,1
TIGO,1
TIM,1
TIMOR TELECOM,1
TKC,1
TM-CELL,1
TME,1
TMN,1
T-MOBILE,1
TNM,1
TOGEWANET,1
TOGO CELL,1
TONGA COMMUNICATIONS,1
TOT 3G,1
T-PLUS,1
TRANSASIA,1
TRANSATEL MOBILE,1
TRAVEL TELEKOM,1
TRIATEL,1
TRICOM,1
TRUE MOVE,1
TRUPHONE,1
TTCL MOBILE,1
TUNICELL,1
TUNISIANA,1
TUNTEX,1
TURKCELL,1
TUSMOBIL,1
U MOBILE,1
U:FON,1
UCELL,1
U-COM,1
UFONE,1
UK BROADBAND,1
UKRTELECOM,1
UMNIAH,1
UNICA,1
UNICEL,1
UNIENT,1
UNIFY GROUP HOLDING,1
UNINOR,1
UNIQA,1
UNITE,1
UNITEL,1
UPC,1
US CELLULAR,1
UTEL,1
UTL,1
UTS,1
VECTONE MOBILE,1
VELCOM,1
VENTELO,1
VERISIGN,1
VERIZON,1
VIAERO,1
VIBO,1
VIDEOCON DATACOM,1
VIDEOTRON,1
VIETNAMOBILE,1
VIETTEL MOBILE,1
VIKING,1
VINAPHONE,1
VINI,1
VIOLA,1
VIP,1
VIP MK,1
VIRGIN MOBILE,1
VIRVE,1
VISAFONE,1
VIVA,1
VIVACELL-MTS,1
VIVACOM,1
VIVO,1
VODACOM,1
VODAFONE,1
VOICEWORKS,1
VOX,1
VTR MOVIL,1
WARID,1
WARID TELECOM,1
WATANIYA,1
WCS IQ,1
WEBLINKS,1
WEST CENTRAL,1
WEST VIRGINIA WIRELESS,1
WESTLINK,1
WIFI,1
WIKES CELLULAR,1
WILKES CELLULAR,1
WILL,1
WIND,1
WIND MOBILE,1
WIRELESS MAINGATE NORDIC,1
WOOSH,1
XIT WIRELESS,1
XL,1
XPRESS TELECOM,1
XT MOBILE NETWORK,1
YEMEN MOBILE,1
YES,1
YESSS,1
YOIGO,1
YOTA,1
YU,1
ZAIN,1
ZANTEL,1
ZIGGO,1
ZSR,1
